_content,aera,ans_content,ans_date,date,department,source,url
"我要查询社保的用户名怎么查,登陆支付宝怎么查询,申请支付宝怎么查询","杭州,上城区","徐卫国：
     您好，您于2019年1月28日向******卫计局咨询的社保查询的相关问题，已转送我局。我工作人员已经告知你如何操作，并告知你也可登录微信公众号“杭州市人力社保”查询，你表示认可，感谢对我们工作的支持和理解。
",2019/02/02,2019/01/28,上城区人力社保局,手机APP,http://www.zjzxts.gov.cn/wsdt/wsdtHtml/xfjxq.jsp?id=57583230313930303334353334393536
杭州可溯金融坑害百姓，骗钱数亿！出借人含屈受辱，求诉无门！上城经侦罔顾事实，不予立案！上城金融办协助可溯，糊弄苦主！恳请各位青天大老爷：睁开明眸，严加查办娄杭杰等在其位不谋其政置百姓生死于不顾的相关部门负责人！,"杭州,上城区",目前可溯平台正在进行的出借人确权，确权行为主体是可溯平台（企业），政府相关部门（金融办、经******）作为监督单位。确权经过第三方机构法大大的验证，数据除了平台自身服务器保存，企业云保存外，也在经侦及金融办分别保存。下一步在选举出借委会后，相关确权数据也将移交借委会一份，供查询。新一届借委会也将把同权同兑做为第一要务，督促平台落实。,2019/01/29,2019/01/29,杭州市上城区人民政府金融工作办公室,浙江省统一政务咨询投诉举报平台(网上大厅),http://www.zjzxts.gov.cn/wsdt/wsdtHtml/xfjxq.jsp?id=57583230313930303334393738343235
在韵达快递上班，被拖欠2个月的工资，没有签劳动合同，该如何申诉，需要准备什么材料?,"杭州,上城区",   您好，您于2019年1月28日向******信访局反映的公司拖欠工资的问题，已转送我局。由于没有你的联系电话，无法与你核实相关情况，请你到劳动行为地的劳动保障监察部门投诉，上城区劳动保障监察大队咨询电话：87*****1，感谢对我们工作的支持和理解。,2019/01/29,2019/01/28,上城区人力社保局,浙江省政务服务网,http://www.zjzxts.gov.cn/wsdt/wsdtHtml/xfjxq.jsp?id=57583230313930303334333236323535
"    可溯金融作为一个涉嫌严重合同诈骗、自融的问题平台，劣行累累。爆雷半年来，可溯在幕后“高人”指点下，诈******扣一环，比电视剧还精彩，但就是不还钱不兑付。
    不但如此，可溯金融长期在******金融办的指导下，导演一出不确权不兑付的戏码，一切以确权为中心开展工作，剥夺未确权出借人的多项合法权益，包括：非法截留本应用于兑付的资金；还步步紧逼，又在金融办的指导下，成立所谓的借委会，未确权出借人没有被选举权，却有凑数的选举权。试图借用这个傀儡进行名正言顺的收割榨取。
    种种恶行，真的是罄竹难书，众多出借人都极度气愤。而作为监管部门的金融办在多次“协调”过程中无一不是帮着可溯说话，从来不会考虑估计我们难民的感受，严重背离了“协调”的基本职能，成了事件不断恶化的重要推手。比如金融办工作人员徐翔在10月下旬当面说：确权是你们自愿行为。却对可溯在确权中严重违反合同法的所谓确权协议只字不提；再如1.21日，娄杭杰嚣张的表示你们不确权就无法确保能兑付，与之前当面承诺不确权享有同权兑付的******而驰。国十条、浙江省金融处置有关条例他们视而不见。作为国家公务人员说话如此儿戏，如此学习贯彻国家、省里条例真的是让人目瞪口呆，2人忽悠本领也让人瞠目结舌，但就是不会真正替广大金融受害者说话，这种职业道德操守让人难以接受，并非常愤慨。
    请问徐翔和娄杭杰：
    严重践踏出借人切身利益的投票确权系统让可溯开发？谁来监管数据库的真实完整性？由于相关保密协议？麻烦请公示。
    恳请领导彻查这些被人民群众痛恨的不称职的国家公务人员，这些人严重破坏党和国家在人民群众的形象，是社会和谐稳定的重要推手，严重渎职事实证明，2人已经不再适任。
    ","杭州,上城区",目前可溯平台正在进行的出借人确权，确权行为主体是可溯平台（企业），政府相关部门（金融办、经******）作为监督单位。确权经过第三方机构法大大的验证，数据除了平台自身服务器保存，企业云保存外，也在经侦及金融办分别保存。下一步在选举出借委会后，相关确权数据也将移交借委会一份，供查询。新一届借委会也将把同权同兑做为第一要务，督促平台落实。,2019/01/29,2019/01/28,杭州市上城区人民政府金融工作办公室,浙江省统一政务咨询投诉举报平台(网上大厅),http://www.zjzxts.gov.cn/wsdt/wsdtHtml/xfjxq.jsp?id=57583230313930303333383036313434
可溯金融，利用互联网金融平台，诈骗出借人血汗钱不还，涉嫌自融诈骗，目前出借人已经搜集到相关证据，另外其不按照最初公布的兑付方案偿还出借人欠款，已经构成违约，所作所为，极其恶劣，希望党和政府为我们做主！,"杭州,上城区",可溯金融借委会选举正在有序开展中，借委会成立后将了解平台核心借款企业情况，协助平台与借款企业设定还款计划，监督平台回款账户，力争更好更快回款。政府也希望出借人能积极参与借委会的选举工作，在借委会成立后发挥******优势，在催收等方面给予借委会最大的支持。,2019/01/29,2019/01/28,杭州市上城区人民政府金融工作办公室,浙江省统一政务咨询投诉举报平台(网上大厅),http://www.zjzxts.gov.cn/wsdt/wsdtHtml/xfjxq.jsp?id=57583230313930303333373835383732
开通充值杭州市民卡寺院年票功能，市民中心无法提供正规发票，只有一张凭证，给群众带来不便，请相关部门查处,"杭州,上城区",    您好。我司发行的市民卡上可加载寺庙年票功能，但该功能的开通规则、应用范围等由杭州市佛教协会制定。因杭州市佛教协会是社会免税单位，不提供发票。因而我司服务网点办理该业务时只可提供相应凭证。敬请谅解。,2019/01/31,2019/01/30,浙江省杭州市金融集团,浙江省统一政务咨询投诉举报平台(网上大厅),http://www.zjzxts.gov.cn/wsdt/wsdtHtml/xfjxq.jsp?id=4c443230313930303134393831373135
" 杭州国鼎文化科技发展股份有限公司（可溯金融），利用大量发放赠送无限制使用红包作为诱饵布置陷阱，通过客服电话回访，短信轰炸，微信推送，QQ邀请等多种电信方式诱骗群众，再用假标自融等手段，骗取出借人13亿资金，于2018年7月15日18时借机恶意清盘！巨额待收款中其实只有少部分为真实出借款，可溯现为空壳公司已无实际偿还能力，总是喊着******联的口号，发布极不合理霸王条款及兑付方案，就连自己单方发布没人认可的兑付方案也从不履行条约，一直都是拒绝核查标的真实情况，拒不公示逾期项目，隐瞒所有借款方的真实情况，谎称所有待还借款人全是老赖，所有标的全部逾期，用虚假老赖名单和虚假的随机兑付名单不断欺瞒受害人，无限拖延时间，暗中转移资产并侍机跑路。上万受害人曾多次统一集中在当地政府和经侦报案，却都是以平台还没跑路，未发现明显违规行为而屡次遭拒，不予立案，懒政不作为！
  可溯金融违法行为如下：1.国鼎文化科技产业发展有限公司（可溯金融平合）未经主管部门批准，未经地方金融管理办公室备案，就非法从事金融经营活动。2.可溯金融使用假公章、假合同骗取出借人的资金。3违规披露重要经济财务信息，发布虚假的财务公告，向借款人传递错误信号，自开业到今日只披露8笔逾期借款合同，逾期金额共有166万元均有其公司垫付。4.2018年10月22日至今平台以确权为名截留回款本金，强迫出借人签订霸王条款，非法占有出借人本息。5.可溯金融于2019年1月6日又擅自修改我们出借人的待收资金账户，强行侵占我们的本金，剥夺出借人的合法财产，到了无法无天的地步。6 平台作为中介机构所应收取的手续费用、佣金已经在借款业务发生时提取，现在平台打着催收的名义，擅自截留出借人的本金，仅2018年9月14到20日平台支出费用七十万余万元，用于平台人员的报酬和挥霍，属于非法占有。
  杭州上城金融办作为金融主管部门理应主动站出来为受害百姓伸张正义，及时追回重大经济损失，相反金融办腐败官员楼杭杰的主导可溯金融1.搞非法权益确权，重签协议篡改原始合同！2.支持平台非法选举借委会，剥夺不确权出借人的合法选举和被选举权。我们都有原借款合同，早就已经确认了债权的，是最有法律效力的文件，其真实目的想把我们推下陷阱！赖帐不还钱，还可逃脱法律责任！3.金融办楼杭杰等国家工作人员利用职权包屁支持可溯金融的违法犯罪行为。请求查处！","杭州,上城区",目前可溯平台正在进行的出借人确权，确权行为主体是可溯平台（企业），政府相关部门（金融办、经******）作为监督单位。确权经过第三方机构法大大的验证，数据除了平台自身服务器保存，企业云保存外，也在经侦及金融办分别保存。下一步在选举出借委会后，相关确权数据也将移交借委会一份，供查询。新一届借委会也将把同权同兑做为第一要务，督促平台落实。,2019/01/31,2019/01/30,杭州市上城区人民政府金融工作办公室,浙江省统一政务咨询投诉举报平台(网上大厅),http://www.zjzxts.gov.cn/wsdt/wsdtHtml/xfjxq.jsp?id=57583230313930303336373836313534
"为何在营业执照已经过工商局的“核验原件”租赁地址的合同或者房产文件情况下，文化局依旧要来“核验原件”房产合同原件？
明显是多余的举动，对租赁户来说，一般要请房产所有人来带证操作（所有人不可能直接交给租赁户来操作）","杭州,上城区",经调查了解，该事项非我局工作人员所为。由于信访人未留联系方式，无法与其取得联系，建议信访局进一步核实。,2019/02/01,2019/01/30,上城区文化广电新闻出版局,浙江省政务服务网,http://www.zjzxts.gov.cn/wsdt/wsdtHtml/xfjxq.jsp?id=57583230313930303336343534363937
"尊敬的领导你们好
有一事想咨询一下，关于浙江省中医院女职工的生育费用问题
有一女员工为中医院的正式编制内的员工，缴纳的是省医保（养老，医疗，工伤），未缴纳相关的生育险。
问题就是根据其所在部门，也有部份女同事生育已经完成的，在生育期间，相关的费用都无法报销（一般医院的结算窗口都会你要一个生育编号，因为没有缴纳生育险无法进行社保进行结算），都是自费
另外在休产假期间，发放的工资极低******他们的薪资标准是怎么样的，问相关的人事科都是很不耐烦的（事业单位的工资单一般人看不懂，各种构成，就不知道在生育和休产假期的工资标准到底是什么？）同时因为没有缴纳生育险也无法享受生育津贴这一福利，请问这些操作，是否合规
按照浙江省女职工劳动保护办法中提到（  第十五条　女职工产前检查、生育或者流产产生的医疗费用，按照生育保险规定的项目和标准支付。对已经参加生育保险的，由生育保险基金支付；对未参加生育保险的，由用人单位支付。
    第十六条　女职工参加生育保险的，按照本办法规定的产假天数享受产假期间的生育津贴。生育津贴按照用人单位上年度职工月平均工资的标准由生育保险基金支付，用人单位不再支付产假期间工资。生育津贴计发标准高于女职工产假前工资标准的，用人单位不得克扣差额部分；低于女职工产假前工资标准的，有条件的用人单位可以对差额部分予以补足。
    女职工未参加生育保险的，由用人单位按照女职工产假前工资标准支付其产假期间的工资。）
办法中相关规定，所在单位是应该付起关的责任的，按照目前了解到的，在浙江省中医院只要女职工生育，无法报销生育相关费用，全部自费，工资按最低，无法享受奖金待遇，生育津贴也没有，请问这个女职工的正当权益在哪里，大家挤破头进的事来编制单位又是享受到了什么福利呢？","杭州,上城区",已联系咨询人电话，但手机无人接听，现已经短信留言。具体是什么情况了解了以后，工作人员将会详细解答。,2019/02/02,2019/01/31,浙江省医疗保障局,浙江省政务服务网,http://www.zjzxts.gov.cn/wsdt/wsdtHtml/xfjxq.jsp?id=57583230313930303337393332393334
据我所知原小营小学已并入穆兴小学，现位于皮市巷的小营小学原址的校舍装修过后，显示学校名称为小营小学。请问此学校公办还是民办，与现在的穆兴小学是什么关系。,"杭州,上城区",2018******政府、区教育局投入资金对学校进行整体装修，提升了学校的办学品质。学校为公办学校，是杭州市回族穆兴小学的一个校区，小营小学是学校的第二校名。,2019/02/02,2019/01/31,上城区教育局,浙江省统一政务咨询投诉举报平台(网上大厅),http://www.zjzxts.gov.cn/wsdt/wsdtHtml/xfjxq.jsp?id=4c443230313930303135303632393836
" 尊******政府领导：
         首先对近几年来社区和行政服务中心的社区工作者工作表示感谢，2018年让我本来对社区办公室没啥好感的我，现在看见社区微信群，只要有社区活动，基本上都参加一下，社区微信群也时常邀请我们去社区食堂，参加完活动吃饭，总之2019越来越幸福了，但愿明年回迁还是住在上城区。","杭州,上城区",该市民的反******已收悉，感谢该市民的反馈，我们将继续再接再厉，******食堂做得更好。,2019/01/24,2019/01/23,上城区紫阳街道,浙江省统一政务咨询投诉举报平台(网上大厅),http://www.zjzxts.gov.cn/wsdt/wsdtHtml/xfjxq.jsp?id=4c443230313930303132313536313134
今天下午在杭州市******婺江家园二园  不知哪个派出所（后了解到是文新派出所） 联合光大银行带领社会上的催款放贷公司  以公安局的名义强行带走人民  。口口声声说 是政府的命令 光大银行雇佣了黑社会 进行强行非法拘禁 在杭州的治安净土上还有这种人的存在  是何等的夸张。 在目前杭州的良好治安环境下  警察什么时候可以联合银行联合黑社会对人民进行随意的抓捕和拘禁了？请政府明察  还我大杭州治安 严惩非常搞关系的派出所民警和银行  严惩银行联合黑社会进行违法拘禁,"杭州,上城区","    你反映的情况，杭州市公安局******分局文新派出所已就相关事项与你联系并解释。如有不明，你可直接与文新派出所提出或咨询。文新派出所地址：杭州市西湖区紫******0号；电话：05*****3。
",2019/01/22,2019/01/17,杭州市公安局西湖区分局,浙江省统一政务咨询投诉举报平台(网上大厅),http://www.zjzxts.gov.cn/wsdt/wsdtHtml/xfjxq.jsp?id=4c443230313930303039363534353639
女方杭州户口全职太太 个人缴纳社保但没有缴纳生育保险 女方配偶是否可以帮忙报销生育津贴,"杭州,上城区","包肖肖：
     您好，您于2019年1月15日向******信访局反映的拖欠工资的问题，已转送我局。我局工作人员已经与你联系，告知你本人未缴纳生育险的，不能享受生育待遇，配偶不能帮忙享受。感谢对我们工作的支持和理解。
",2019/01/22,2019/01/17,上城区人力社保局,浙江省统一政务咨询投诉举报平台(网上大厅),http://www.zjzxts.gov.cn/wsdt/wsdtHtml/xfjxq.jsp?id=57583230313930303232323432323432
养老院 民非企业 排污许可证变更材料及地点,"杭州,上城区",经与投诉人联系，其需变更排污许可证上的法人代表，营业执照已变更好了，问排污许可证如何变更。根据国家环保部有关规定，目前已暂停该类排污许可证的发放和年检工作，故无需再进行变更。如今后需要变更时，另行通知。,2019/01/22,2019/01/22,杭州市环保局上城分局,浙江省政务服务网,http://www.zjzxts.gov.cn/wsdt/wsdtHtml/xfjxq.jsp?id=57583230313930303238333530373535
"我自2018年10月18日上班至2018年11月20日辞职，至今未发放工资，中间微信联系和电话徐渐老板（电话：181****8261）询问工资发放情况，至今仍未得到回复，实在没办法寻求法律帮助
 试用期签署的是底薪4800元工作1个月零2天 人事帮忙结算工资为：4896元","杭州,上城区","魏小飞：
   您好，您于2019年1月9日向******信访局反映的公司拖欠工资的问题，已转送我局。经查，杭州闺幂日用有限公司处于关门状态，相关负责人目前无法取得联系，我工作人员已告知你相应维权途径，你表示认可。感谢对我们工作的支持和理解。
",2019/01/22,2019/01/11,上城区人力社保局,浙江省统一政务咨询投诉举报平台(网上大厅),http://www.zjzxts.gov.cn/wsdt/wsdtHtml/xfjxq.jsp?id=57583230313930303133323133343534
"P2P网红”“互金协会典型”“唯一公开不立案”杭州国鼎文化科技发展股份有限公司（可溯金融）法******陈捷延&  #40;董事长&  #41;、宋军宏&  #40;幕后实控人前CE0&  #41;及其他股东&  #40;刘允标、王平、徐立等&  #41;利用“大量发放赠送无限制使用红包”作为诱饵，布置陷阱，通过客服电话、短信、微信、QQ等多种电信方式诱骗群众，再用假标自融等手段，合谋诈骗13亿元后抽逃资金，瓜分赃款，于2018年7月15日18 时恶意清盘！巨额待收款中只有少部分为真实出借款，可溯现为空壳公司，已无实际偿还能力，总喊着“******联”的口号，发布极不合理霸王条款及兑付方案，就连自己单方发布的没人认可的方案也从不履约，一直都是拒绝核查标的真实情况，拒不公示逾期项目，隐瞒所有借款方真实情况，谎称所有借款人全是老赖，所有标的全部逾期，用虚假老赖名单和虚假的随机兑付名单不断欺瞒受害人，无限拖延时间，暗中转移资产并侍机跑路。上千受害人曾多次聚集当地政府和经侦报案，却都是以平台没跑路和只是违规不违法而拒不立案，懒政不作为！事前一个月的5月23日，还有杭州市金融办主任王越剑、******副区长张军伟、区组织部常务副部长季黄辉、区发改局局长、金融办主任孙锦等一行莅临可溯考察工作。可溯总裁刘栋、副总裁王倩男、党支部书记吴立品等公司主要负责人全程陪同考察，并向各位领导汇报了国鼎股份的党建工作，介绍了可溯金融目前的发展情况。如此行为已间接为可溯接下来的圈钱活动提供了不少支持与方便，理应主动站出来为受害百姓伸张正义，及时追赃免损，可数万受害群众却在杭州当地投诉无门！无法立案！这可溯团伙以集资为名行诈骗之实，肆意掠夺人民财产与法不容!强列要求可溯及股东尽快退还全额本息。
可溯在金融办王越剑和孙锦的主导下发起欺诈威胁性的强制改签合同的阴谋，目的是确权重签协议篡改原始合同！其次才是已停3个月的兑付问题，兑付次序其实根本就不是问题，是可溯故意迷惑我们误导转移诉求的重点目标！我们都有原始借款合同，早就已经确认了债权的，是最有法律效力的文件，根本不需再签合同以外任何协议，为什么还要重签办议新确认权益呢？企图借机篡改合同，并附加严重损害群众利益的不合理条款才是真实目的，是可溯设套把我们推下陷阱！赖帐不还钱，还可逃脱法律责任！10月31日杭州公安上城区分局通报“可溯金融涉非吸案不予立案”，有忽视受害人权益，包庇可溯诈骗老赖宋军宏刘栋等人违法犯罪之嫌疑！","杭州,上城区",可溯金融借委会选举正在有序开展中，借委会成立后将了解平台核心借款企业情况，协助平台与借款企业设定还款计划，监督平台回款账户，力争更好更快回款。政府也希望出借人能积极参与借委会的选举工作，在借委会成立后发挥******优势，在催收等方面给予借委会最大的支持。,2019/01/23,2019/01/22,杭州市上城区人民政府金融工作办公室,国家信访局(含部委),http://www.zjzxts.gov.cn/wsdt/wsdtHtml/xfjxq.jsp?id=32303139303132313338353933
户口在******，实际居住上城区，现怀孕，如何办理生育证，如何在居住地卫生服务所建卡？,"杭州,上城区","您好
您咨询的问题已收悉，现答复如下：
1.生育登记服务卡需到女方户籍所在******办理，也可通过手机下载浙里办APP直接网上办理。
2.围产期保健卡也需先到女方户籍所在地社区卫生服务中心办理。",2019/01/23,2019/01/23,上城区卫生和计划生育局,手机APP,http://www.zjzxts.gov.cn/wsdt/wsdtHtml/xfjxq.jsp?id=57583230313930303239333234343532
"浙江省政府领导你们好，我是河北省秦皇岛市的80岁的老太太***，我实在没******来求你们，我被杭州市可溯金融平台骗走230万元，我现在已经生活在绝境之中，不得已来找你们要求可溯金融平台按照承诺每个月返还我2%，可溯金融到现在已经6个月没有返还我一分钱了，又不给立案，我无比悲伤。
因为我六年前就做了心脏搭桥手术，现在我每月医疗费就在10000元钱，我爱人也做了心脏瓣膜手术，我们俩双双都是卧床不起，需要人来照顾，每个月花销非常的多，我只投资了可溯金融平台一个月标，没想到他们永远都不给我了，我的230万是我一辈子的积蓄，是我一家人4个手机号投资的总和，全部投给可溯金融平台，现在因为我和我爱人双双病倒，我们现在连医药费都没有，住院也没钱，生活在痛苦的绝境之中，我几乎天天哭泣，我已经心脏病抢救过两次了，恐怕生命也不会有太多的时间了，我现在实在是走投无路，生活上，精神的双重打击使我一病不起，泪水哭干，心情压抑，求政府领导帮助我向可溯金融平台要回一部分救命钱来，我的确非常需要这笔钱来治病和救命，希望你们能帮帮我，我生命已经到了绝境之中，我活着也没有什么意义了，只希望这笔钱要回来一部分，不要让我等到死的那一天也见不到这个钱回来，实在是******义和良心了，人生暮年无限伤感，字字句句百姓血泪而书，求求你们了，多多帮忙，谢谢你们！我手机号是130****1943，183****1132，130****4468，130****3581，4个手机号码投资230万元。			
2019年1月16日  望你们回复一下。","杭州,上城区",可溯金融借委会选举正在有序开展中，借委会成立后将了解平台核心借款企业情况，协助平台与借款企业设定还款计划，监督平台回款账户，力争更好更快回款。政府也希望出借人能积极参与借委会的选举工作，在借委会成立后发挥******优势，在催收等方面给予借委会最大的支持。,2019/01/23,2019/01/22,杭州市上城区人民政府金融工作办公室,浙江省统一政务咨询投诉举报平台(网上大厅),http://www.zjzxts.gov.cn/wsdt/wsdtHtml/xfjxq.jsp?id=57583230313930303237353932383130
"信件编号：	LD20*****5 信件编号：	LD20180****70340 
答复时间：	20*****7	答复单位：	浙江省杭州市金融集团
金融集团答复，目前地铁站内开票方式有四种之多，但是地铁客服中心窗口告示、地铁人员给办事群众的开发票的宣传单、以及向地铁站工作人员口头咨询，均告知办事群众必须下载杭州市民卡app，没有其他办法，严重给办事群众带来不便！！！
请有关部门督促市民卡、地铁集团整改","杭州,上城区","您好。首先，感谢客户对我司工作的监督，关于电子发票的工作，大致如下：
     电子发票上线工作，我司是逐步进行开展的。2018年6月底，我司在市民卡APP客户端和市民卡服务网点柜面上线“电子发票”开票方式（同时部分网点有摆放开票自助机进行自助开票）；2018年12月，我司在市民卡微信公众号上线“电子发票”；2019年1月，我司在地铁站“杭州通自助售卡机”上线“扫码开票”。
     因而前期地铁站的关于发票的宣传单页主要针对APP端开票方式进行了宣导；现我司已在做宣传单页的更新，新版单页上同时会对微信公众号的开票方式进行宣传。
    目前，“电子发票”部分工作还在优化中，敬请谅解。后续若有新业务上线，市民可关注市民卡相关公告。 若有问题，亦可直接拨打我司96225市民卡服务热线。",2019/01/23,2019/01/21,浙江省杭州市金融集团,浙江省统一政务咨询投诉举报平台(网上大厅),http://www.zjzxts.gov.cn/wsdt/wsdtHtml/xfjxq.jsp?id=4c443230313930303130393431353933
"     各位领导******应该向哪里投诉！在此希望各位领导能关注下此事，7月初，杭州万盈网络科技有限公司P2P车贷平台—银子铺开始逾期，事发50多天，直到8月27日出了兑付方案，方案为两年展期兑付，前期兑付比例很低，头两个月兑付比例为%1，第三四月兑付比例为2%，前一年兑付比例总和不过36%,银子铺已多次失信出借人，从最初的7月20日起每天回款400万处理逾期，到8月6日的方案强制复投85%三个月，但以上2个方案最后并没有执行！！
    中间很多次方案对方都签字按手印过 但都没有如期执行，一直到10月开始到现在1月每次兑付1%，就这么点兑付比例还拖延到最后才兑付，中间以各种理由故意拖延，现在我们非常被动，投诉无门！
    希望金融办各位领导介入监管银子铺，调查银子铺资金去向，督促银子铺按最新方案，不敷衍、不拖延、增加兑付比例！真实的兑付出借人的血汗钱！！","杭州,上城区",银子铺的兑付方案多次变化，兑付进度很不理想，政府相关部门都注意到了，也多次约谈了平台高层，督促平台加快催收进度，目前平台的实控人也感受到压力，我们会继续施加压力，监督平台加快催收进度。,2019/01/23,2019/01/22,杭州市上城区人民政府金融工作办公室,浙江省统一政务咨询投诉举报平台(网上大厅),http://www.zjzxts.gov.cn/wsdt/wsdtHtml/xfjxq.jsp?id=57583230313930303237353834373931
"关于个税申报有两个问题咨询：
1-岳父岳母的赡养怎么扣除，比如我老婆无工作，那么岳父母也是由我赡养，这个按理也应该扣除，在政策上怎么实现？
2-我买房了，有房贷，但是还未交房，现在还是租房，那么我是否可以先进行租金专项扣除，等到我不租房了，再申请贷款利息专项扣除？
3-我妹妹没有工作，那么父母都是我赡养的，这个在APP中无法操作成由我一个人赡养的形式？","杭州,上城区",1.赡养扣除只能是赡养自己的父母，岳父母不符合专项附加扣除条件。2.反映人在主要工作城市有房，虽未交付也不能扣除住房租金，而只能扣除住房贷款利息。3.反映人非独生子女，赡养父母费用每月最多只能税前扣除1000元。,2019/01/16,2019/01/15,国家税务总局杭州市上城区税务局,浙江省统一政务咨询投诉举报平台(网上大厅),http://www.zjzxts.gov.cn/wsdt/wsdtHtml/xfjxq.jsp?id=57583230313930303138303235323730
     其是************居民，反映近期环卫工人在清理皮市巷8号东面垃圾站时，总会将污水和垃圾遗留在其门店（佑万家便利店）前，严重环境污染，影响市容，希望相关部门帮助处理。,"杭州,上城区","你好！你于2019年1月15日向杭州市12345反映的事项，现处理答复如下：你于2019年1月15日反映“环卫工人清扫时有污水遗留在便利店门口”的事项，接此投诉后，我局环卫市容监管科经调查核实，确认该处保洁单位是天禹物业公司，环卫科工作人员于1月15日下午3时左右与您联系，您表示保洁员在******石时有污水溅到您店铺门口的台阶上，现要求把台阶弄干净就可以，现环卫工人已把台阶清理干净，并且后续会加强管理，您对此表示满意。
",2019/01/16,2019/01/15,上城区城市管理局,地市业务接口,http://www.zjzxts.gov.cn/wsdt/wsdtHtml/xfjxq.jsp?id=485a5344483230313930313230373136
中网国投单方面不合利清盘，谁来管管，杭州就任由中网国投胡作非为,"杭州,上城区","你好！中网国投目前处于清盘阶******金融办一直密切关注、跟踪中网国投的清盘行为，保障出借人与平台畅通的******，出借人可就相关诉求提交区金融办，区金融办将及时予以转达，积极从中斡旋协调，并支持合理诉求。同时我办希望出借人理性维权，依法保护自身合法权益。
",2019/01/17,2019/01/17,杭州市上城区人民政府金融工作办公室,浙江省政务服务网,http://www.zjzxts.gov.cn/wsdt/wsdtHtml/xfjxq.jsp?id=57583230313930303232343636313834
你好，请问下企业要新增员工社保，每个月申请的截止日期是几号呢？谢谢,"杭州,上城区","徐海荣：
     您好，您于2019年1月14日向******信访局咨询的社保新增办理的问题，已转送我局。现告知你截止时间为：窗口办理为每月12日，网上办理为每月17日，感谢对我们工作的支持和理解。
",2019/01/17,2019/01/16,上城区人力社保局,浙江省统一政务咨询投诉举报平台(网上大厅),http://www.zjzxts.gov.cn/wsdt/wsdtHtml/xfjxq.jsp?id=57583230313930303231333635313131
"2019年1月8日，账号主体为“杭州市************社区卫生服务中心”的微信公众号 “健康湖滨健康大家”发布“九价HPV疫苗预约及接种通知”。社区将于1月9日开放上午半天进行“九价HPV疫苗”预约，同时提供现场和电话预约两种方式，限预约300人。
2019年1月9日上午，不少市民在选择进行电话预约时，发现预约电话始终无法接通，长时间处于忙音状态，部分被接起后又被迅速挂断。同时在现场预约的市民发现，服务中心的预约电话被故意搁起，而医生却在没有接听任何预约电话的情况下，不停地填写预约登记表。
《突发公共卫生事件应急条例》第五十条第（四）项，医疗卫生机构有下列行为的，由卫生行政主管部门责令改正、通报批评、给予警告；情节严重的，吊销《医疗机构执业许可证》：（四）拒绝接诊病人的。
《中华人民共和国执业医师法》第三十七条第（十）项，医师在执业活动中，违反本法规定，有下列行为之一的******级以上人民政府卫生行政部门给予警告或者责令暂停六个月以上一年以下执业活动；情节严重的，吊销其执业证书；构成犯罪的，依法追究刑事责任：(十)利用职务之便，索取、非法收受患者财物或者牟取其他不正当利益的。
恳请市卫生和计划生育委员会对此进行调查。
","杭州,上城区","您好！
您反映的问题已收悉，现回复如下: 
1.电话挂空原因：预约当天，现场预约和电话预约同时进行，预约开始后，现场预约人员对电话预约人员排号顺序存有较大意见，现场出现骚动和排队次序混乱的状况。现场工作人员为了稳定现场排队人员的情绪，维持排队秩序，故暂时停止了电话预约，随后马上恢复正常的电话预约。
2.***********卫生服务中心已对涉事人员进行处理，下一步将加强疫苗接种日常监管力度，坚决杜绝类似事件再次发生。
联系电话：87*****3
",2019/01/17,2019/01/11,上城区卫生和计划生育局,浙江省政务服务网,http://www.zjzxts.gov.cn/wsdt/wsdtHtml/xfjxq.jsp?id=57583230313930303134393531353033
"2019年1月9日早上八点电话预约HPV疫苗，电话一直处于正在通话中，视频显示工作人员一直把电话搁在旁边，导致电话******一直打不进电话。
希望能够彻查此事，给大家一个公平预约的机会，谢谢
","杭州,上城区","您好！
您反映的问题已收悉，现回复如下: 
1.电话挂空原因：预约当天，现场预约和电话预约同时进行，预约开始后，现场预约人员对电话预约人员排号顺序存有较大意见，现场出现骚动和排队次序混乱的状况。现场工作人员为了稳定现场排队人员的情绪，维持排队秩序，故暂时停止了电话预约，随后马上恢复正常的电话预约。
2.***********卫生服务中心已对涉事人员进行处理，下一步将加强疫苗接种日常监管力度，坚决杜绝类似事件再次发生。
联系电话：87*****3",2019/01/17,2019/01/11,上城区卫生和计划生育局,浙江省统一政务咨询投诉举报平台(网上大厅),http://www.zjzxts.gov.cn/wsdt/wsdtHtml/xfjxq.jsp?id=57583230313930303134393536383333
"  尊敬的领导：
现在五水共治，美化环境******很多村民多次向村领导反应，答应需要改造。河坎不整齐。村民出行不便。但几年内还没有处理。
现在正好河底清理，也是一个机会。所以向领导反应一下情况。望能得到回复","杭州,上城区",你（联系电话138****8068，地址：浙江省绍兴市************）于2018年12月27日，向浙江省环保厅反映要求对************西洋畈西溇底砌齐河坎的有关信访事项。,2019-01-18,2018/12/27,柯桥区安昌街道,浙江省统一政务咨询投诉举报平台(网上大厅),http://www.zjzxts.gov.cn/wsdt/wsdtHtml/xfjxq.jsp?id=4c443230313830313635353033313937
"昨天刚做了一个不满的反馈，结果就这么巧，今天早上金狮苑******下一大早就出现了丧事棚子，并且敲打乐器做法事。请问******的接受这个LD20180****80542投诉的工作人员，你的反馈是坐在办公室里做出来的吗？你的眼睛是有问题的吗？还是你只是打了个电话******问了下？  你是需要把你领到那个丧事棚子里去聆听法事乐器敲击出来的美妙的音乐吗？什么新中国第一个社区啊，搞个社区展览馆就是了嘛？卫生搞不好，停车搞不好，现在搞得三天两头小区里办丧事，让人怎么活啊，这******吗？睁眼说瞎话丢不丢人？今天是1月18号，我也特意拍了照片和视频留证，看你们这次怎么避重就轻地回复。
希望你们拿出办法来。","杭州,上城区",你好，你所反映的“******工作人员”问题，非我局职权范围，建议向******反映。,2019/01/18,2019/01/18,上城区城市管理局,浙江省统一政务咨询投诉举报平台(网上大厅),http://www.zjzxts.gov.cn/wsdt/wsdtHtml/xfjxq.jsp?id=57583230313930303233373630323830
   其于2019年1月13日入住******望******3号瑞莱克斯大酒店，表示在住宿期间，酒店方进行喷漆作业，导致******都是甲醛味道，严重影响入住，认为酒店不应该在经营期间进行装修，要求酒店给予合理解释，请相关部门核实处理。,"杭州,上城区","经房产监察大队现场查看，望******3号瑞莱克斯大酒店15层会议室正在简易装修，未发现有拆改墙体的行为，大队也告知酒店应做好防护措施，并与住客做好解释工作。已与反映人联系告知。
",2019/01/18,2019/01/14,上城区住房和城建局,地市业务接口,http://www.zjzxts.gov.cn/wsdt/wsdtHtml/xfjxq.jsp?id=485a5344483230313930313139383232
你好，我们是手工熟食制品的线下卖家，有食品经营许可证，目前想发展线上淘宝，但是需要有小作坊资质的证件，请问如何办理？谢谢,"杭州,上城区",金先生您好，关于小作坊证的问题，已与您电话联系，目前******与您拱墅区咨询的办理意见一致。如还有疑问，可拨打咨询电话87*****9。,2019/01/15,2019/01/11,杭州市上城区市场监督管理局,浙江省统一政务咨询投诉举报平台(网上大厅),http://www.zjzxts.gov.cn/wsdt/wsdtHtml/xfjxq.jsp?id=57583230313930303132383735363236
"杭州市************，由校长招聘任命的财务，是大学路小学上一任财务的女儿，入职时甚至没有考取相关财务资格证书，大学路小学实际财务主管为已经退休的上一任财务。
大学路小学校长，极力推动学校周末的亲子活动，要求全体教师无偿参加活动，并要求所有学生有偿参与，其背后的财务问题，引人猜忌。","杭州,上城区","1.学校招聘程序规范，使用符合上级相关人事管理规定，编外人员持证上岗。根据教育局统一部署，教育局设有会计结算中心，相关财务工作由会计结算中心负责，学校只设财务资产管理员，配合中心做好相关工作。学校原有的财务资产管理员于2015年4月达到国家退休年龄，学校于2014年底向教育局上报招聘需求，教育局回复由于编制限制学校可以先使用编外人员，等有编制名额后再进行招聘。于是学校对外公布非事业编制的财务资产管理岗位，但没人应聘。为了不影响相关工作的正常开展，学校请示教育局后原财务资产管理人员退休后返聘至2016年8月。学校于2016年9月再一次在校园网上公布了非事业编制的、用工形式为劳务派遣的学校财务资产管理岗位招聘信息，招聘信息公布后只有1人报名，经审核，该人员提交的报名材料符合招聘条件（具备会计从业资格证且有相关工作经验），学校通过行政会议讨论决定以劳务派遣形式使用，原财务资产管理人员做好移交工作后，正式退休。目前，该财务资产管理人员工作认真负责，财务资产管理得到了会计结算中心和后勤管理中心的多次表扬。
2.学校不存在周末组织亲子活动的行为。根据教育局相关规定，学校可以在春秋假期间组织学生开展研学、综合实践（低段亲子）等活动，教师参与组织管理，不放假。从2018年秋季入学的一年级开始，《杭州市******综合素质报告单》中要求对学生的综合实践活动课程和校外研学进行评价。学校严格执行教育局相关规定，结合学校海事基地和杭州市体育后备人才基地（击剑）以及学生发展所需，在寒暑假、春秋假安排击剑体验、校外研学（含国际交流）、综合实践等活动。以上活动有学校组织免费体验的校内课程、春秋游活动；也有根据家长需求学校提供菜单，家长自愿参加的校外活动，相关费用由教导处、办公室根据旅行社提供的活******用做好方案，经学校三重一大会议讨论，上交教育局相关部门审批后下发书面通知（含活动所需费用），由学生、家长自愿申报参加，相关费用由家长直接交给旅行社。春秋假时间教师参与活动管理是属于上班时间，不允许发放任何费用。
",2019/01/14,2019/01/11,上城区教育局,浙江省统一政务咨询投诉举报平台(网上大厅),http://www.zjzxts.gov.cn/wsdt/wsdtHtml/xfjxq.jsp?id=4c443230313930303035363733383032
我的苏A1SX77的车停在规划清楚的倒数第二个停车位上，被******城管贴了罚单，且罚单上没有执法人的签字，盖章，执法号，没有电话，三无罚单，故投诉非法违规执法，要求撤除并对耽误我******歉！,"杭州,上城区","你好！你于2019年1月8日向杭州市******信访局反映的事项，经工作人员调查，现处理答复如下：你于2019年1月8日反映“******4号停车疑议”的事项，接此投诉后，辖区小营执法中队即派队员去现场查看。经调查，2019年1月8日 13:45，你将一辆车牌号为苏A1SX77的小型车未按规定停放在望江路-114号******上，被中队工作人员巡查发现并按职权抄单，现场有取证照片，事实清楚证据确凿。根据现场照片和现场勘查确认，你停车的地方原先确实有停车位，几年前已被黑漆覆盖，现场有明显黑漆覆盖痕迹。至于“告知单无处理人签名、违章事由及联系方式”问题，违停通知单是市城管委统一格式，已向你进行说明，中队层面无法进一步向其解释如此设计的原因。你的根本诉求是要消除违章记录，1月14日8:41电话反馈中已告知你可以到中队部看现场照片，也可以一起去现场看，并告知了行政复议途径，你所需求的撤除处罚建议向上城区区政府或者市城管委申请行政复议。

",2019/01/14,2019/01/10,上城区城市管理局,浙江省统一政务咨询投诉举报平台(网上大厅),http://www.zjzxts.gov.cn/wsdt/wsdtHtml/xfjxq.jsp?id=57583230313930303131373238343232
      其是************后市街小区居民，今年57周岁，丈夫62周岁，是独生子女父母，反映国务院下发通知：自2019年1月1日起开始， 独生子女父母每人每年可领取2400元津贴；表示该通知之前，拱墅区的独生子女父母每人每月可领取150元，但上城区的独生子女父母却从未领取过该津贴，其不解，要求尽快发放并给予合理解释，请相关部门核实处理。,"杭州,上城区","您好！
经与******卫计局联系，拱墅区目前针对独生子女家庭，父母年满60周岁人群，有300元补贴，属于区级层面的政策，杭州市并未统一。上城区目前暂无相关政策，国家相关通知也并未收到。",2019/01/15,2019/01/15,上城区卫生和计划生育局,地市业务接口,http://www.zjzxts.gov.cn/wsdt/wsdtHtml/xfjxq.jsp?id=485a5344483230313930313230343034
      其是************农居回迁安置领导小组的工作人员，现其工作小组进行福利分房工作，需要查询回迁居民是否有享受直管公房，其表******及其安置领导小组的介绍信前往上城区住建局进行查询，但是上城区住建局系统未录入告知无法进行查询，故来电咨询是否有其他方式进行查询，望相关部门帮助解答。,"杭州,上城区",针对反映的问题，我局房政科工作人员已联系反映人，反映的问题涉******查档，因我区同名租赁人无身份证信息登记，所以无法确认是否为同名同姓不同人。已告知反映人。,2019/01/15,2019/01/14,上城区住房和城建局,地市业务接口,http://www.zjzxts.gov.cn/wsdt/wsdtHtml/xfjxq.jsp?id=485a5344483230313930313136333437
   其是************河坊街58号信余里小区******单元703室的业主，反映其家次卧房顶雨天出现渗水情况，严重影响生活，现希望帮助修缮，请有关部门核实处理。,"杭州,上城区",社区工作人员电话联系沈女士，告知反映人社区已经联系房管，并已报维修，让反映人手机保持畅通，方便房管联系，反映人表示认可。,2019/01/15,2019/01/15,杭州市上城区小营街道,地市业务接口,http://www.zjzxts.gov.cn/wsdt/wsdtHtml/xfjxq.jsp?id=485a5344483230313930313230323133
本人户籍山东省，先与原单位解除劳动合同，公积金也已经封停，如何提取公积金和医疗保险账户中的余额，能网上直接申请吗？本人已离职，先就职于北京一家公司,"杭州,上城区","李超：
     您好，您于2019年1月3日向******信访局咨询的公积金和医疗保险问题，已转送我局。我局工作人员已经告知你，可自主打印医保凭证（支付宝——社保——医保转出凭证），或将北京地址告知我们（8*****），我们会将你的参保凭证寄出，之后到现参保地进行转入，公积金问题请向住建部门咨询。感谢对我们工作的支持和理解。
",2019/01/15,2019/01/07,上城区人力社保局,浙江省政务服务网,http://www.zjzxts.gov.cn/wsdt/wsdtHtml/xfjxq.jsp?id=57583230313930303038313736383736
我想问一下，生产食品包装用铝箔纸需要办理生产许可证吗？应用于烧烤、包装食品方面,"杭州,上城区","黄晓辉同志：
    你好，目前《食品相关产品生产许可证许可目录》中未含铝箔纸，已告知你。
经办人：干静     电话：87*****6",2019/01/15,2019/01/14,杭州市上城区市场监督管理局,浙江省统一政务咨询投诉举报平台(网上大厅),http://www.zjzxts.gov.cn/wsdt/wsdtHtml/xfjxq.jsp?id=57583230313930303135343534373936
"尊敬的市长你好，我是一名普通的杭州市民，在这里我有一个小建议提出。
关于杭州地铁的票价问题。
众所周知地铁是一项惠民工程，杭州不断增加的地铁里程也在不断的增加着杭州市民的幸福感，但是关于杭州地铁票价问题，个人认为目前杭州地铁的价格过高。
跟同等级别的南京 武汉相比，杭州地铁的价格都比他们要高出许多。
杭州地铁的价格与上海地铁价格不相上下。
举例来看，从下沙的文******西的三墩，驾车行驶距离为33公里左右，票价8元。
而上海虹桥火车站到上海浦东机场驾车距离也为33公里左右，票价为7元。
杭州地铁目前最高票价9元，如以后新的地铁线路再建成，从萧山机场到湘湖的票价是不是会突破10元甚至达到15元的价格呢。这对于公共交通来说属于非常高价了。
因此，我希望市政府能够重视这个问题，在惠民的路上越来越好，也希望杭州越来越好。
我爱杭州 谢谢。^_^","杭州,上城区",目前杭州地铁的票价体系在2012年1号线开通时实施，属政府定价。为了更多地惠及乘车，杭州地铁目前仍执行杭州通卡乘车9.1折，公交换乘优惠。同时，杭州地铁也积极推进电子支付合作方让利，如银联闪付过闸打折（如周一银联手机pay1分钱乘车）、支付宝刷码过闸优惠等活动。未来票价是否变化，还需市政府及物价部门统筹考虑。感谢您对杭州地铁的支持。,2019/01/15,2019/01/10,杭州市地铁集团有限责任公司,浙江省统一政务咨询投诉举报平台(网上大厅),http://www.zjzxts.gov.cn/wsdt/wsdtHtml/xfjxq.jsp?id=4c443230313930303034373938313831
可溯金融，诈骗老百姓资金12个多亿，自7.15日宣布清盘以来，拖延兑付，采用劣质商品高价强制消费，巧取豪夺老百姓的血汗钱。经侦部门拒不立案，2万受害人备受折磨。希望政府监督，争取立案，平台已经没有任何诚意归还老百姓的血汗钱，强烈要求立案侦查，为民做主。,"杭州,上城区",可溯金******金融办牵头监督下已经成立出借人委员会筹委会，出借人委员会代表候选人报名工作也在开展，下一步在区金融办监督下，借委会代表候选人将进行公示。,2019/01/10,2019/01/10,杭州市上城区人民政府金融工作办公室,浙江省统一政务咨询投诉举报平台(网上大厅),http://www.zjzxts.gov.cn/wsdt/wsdtHtml/xfjxq.jsp?id=57583230313930303131363438333035
"  我们是P2P的受害者，杭州惠财平台的实控人王培火、蔡惠东，他们利用平台骗了我们全国各地4千多出借人，金额达3个亿，从18年7月下旬到现在快半年了到期的合法资金就是不还给我们，天天找借口说没钱，所出的方案也没有一点诚意，出借人看不到有一分真实的效果，就拿些破地，破衣服，破股来抵我们出借人的真金白银。却在逾期后拿着该还我们的钱先后注册了多家公司金额达1.2个亿，这有钱故意不还做起了假慈善，19年1月3日发出《关于“惠财******救急备用金申请机制》的公告，他把我们当猴耍了，我们自己的钱自己还不能做主了，要他还我们的钱还要我们写申请，债权人向债务人提出还款，债务人却向债权人要申请才还一定限额“救助款”。欠钱的老奈摇身一变成了“救世主”我们却成了老奈被救助的对象，欠我们的钱6个月不还，做伪慈善往自己脸上贴金的本事倒是挺大的，真是天下奇闻太搞笑了，这是我们国家法律规定的吗？
   希望政府加大力度管理此事，把他们一家抓起来为我们做主。谢谢","杭州,上城区",目前国家立法层面尚未有对p2p企业进行监管的实施细则，金融办目前负责相关协调工作，加紧推动企业确定兑付方案。信访人反映的相关情况责任主体为平台，若有该情况的详实证据请提交给相关部门，以供立案决策。,2019/01/09,2019/01/08,杭州市上城区人民政府金融工作办公室,浙江省统一政务咨询投诉举报平台(网上大厅),http://www.zjzxts.gov.cn/wsdt/wsdtHtml/xfjxq.jsp?id=57583230313930303130343537313237
惠财从2018年7月到现在，到期的都未回款，为什么到现在还在发新标？继续欺骗老百姓，监管部门不管吗？监管部门起到监管的职责了吗？以下就是惠财难友与金融办的对话。作为金融办监管部门，几次要求惠财停止发标后，惠财继续发新标，金融办就没办法了吗？就让他们继续欺骗老百姓了吗？这让老百姓这么信任你们。,"杭州,上城区",目前国家立法层面尚未有对p2p企业进行监管的实施细则，金融办目前负责相关协调工作，加紧推动企业确定兑付方案。信访人反映的相关情况责任主体为平台，若有该情况的详实证据请提交给相关部门，以供立案决策。,2019/01/09,2019/01/09,杭州市上城区人民政府金融工作办公室,浙江省统一政务咨询投诉举报平台(网上大厅),http://www.zjzxts.gov.cn/wsdt/wsdtHtml/xfjxq.jsp?id=57583230313930303130353338323435
"谁在主导惠财平台掩耳盗铃拒不兑付存管标的行为？
目前惠财平台存管标仍在正常运作，但是未经出借人允许私自将非存管标转为存管标的标的却未正常兑付，《网络借贷信息中介机构业务活动管理暂行办法》明文规定未经出借人授权，网络借贷信息中介机构不得以任何形式代出借人行使决策。惠财平台明知故犯，视法律于枉顾。
那么，请问政府：******别对待标的的行为是否监管到了？如果没有监管到，此失职行为所造成的损失由谁负责？如果监管到了，为何迟迟不见惠财平台兑付存管标的，或者说默认平台将非存管标转为存管标的目的和意义何在？平台掩耳盗铃的举动欺瞒的是出借人还是律法？请政府为民做主，给予我们明确真实有效的答复，严厉要求平台限期兑付存管标。
目前，不少P2P平台出现了各种各样的暴雷现象，有人也许会说“依法维权”，但这里“依法”却成为了不闹事、隐忍等词汇的代名词，等到权益侵害成为既成事实，再去找有关部门做被验证基本无效的“情况反映”。这种“依法维权”的意义何在？合法的权利，就应当勇于维护，更需要政府给予出借人明朗清晰的态度。","杭州,上城区",目前国家立法层面尚未有对p2p企业进行监管的实施细则，金融办目前负责相关协调工作，加紧推动企业确定兑付方案。信访人反映的相关情况责任主体为平台，若有该情况的详实证据请提交给相关部门，以供立案决策。,2019/01/09,2019/01/09,杭州市上城区人民政府金融工作办公室,浙江省统一政务咨询投诉举报平台(网上大厅),http://www.zjzxts.gov.cn/wsdt/wsdtHtml/xfjxq.jsp?id=57583230313930303130353638373836
经过了解此平台是太子龙公司私下的资金池，所有标都是假标，从2018年6月开始到期的所有钱没有给予兑付过，也不给予任何的兑付方案，平台2000多人被骗，到现在为止平台还在正常运作发标，实在是老赖到发指！政府应该要为我们老百姓做主，帮我们要回血汗钱！谢谢！,"杭州,上城区",惠财平台已出险，******金融办、******办牵头，惠财平台方、担保方锦子集团以及出借人债委会代表已多次对兑付方案进行沟通。1、若信访人对兑付方案有意见请提交给债委会，由债委会代表收集多数人意见并代表出借人向各方进一步沟通表达诉求，金融办会继续协调。2、若信访人个人对方案不满，也不愿通过债委会表达诉求的，建议以个人名义进行司法维权或向有关部门报案。,2019/01/09,2019/01/09,杭州市上城区人民政府金融工作办公室,浙江省统一政务咨询投诉举报平台(网上大厅),http://www.zjzxts.gov.cn/wsdt/wsdtHtml/xfjxq.jsp?id=57583230313930303130353937383837
尊敬的领导，关于中网国投恶意清盘事件，已向你们反映多次，但事情至今仍没有一点向好的迹象。中网国投自2018年10月23号单方面宣布清盘以来，都是以电话形式与出借人联系，迟迟不发公告，这种行为已经严重违反了中央关于p2p清盘的有关规定，我们出借人多次向******金融办、信访局反映情况，但问题始终没有一个合理的解释。我们老百姓的血汗钱就这样被中网国投明抢明骗，我们却无处申冤，请政府想百姓之所想，急百姓之所急，能够在中网国投这样的事情上有所作为，还老百姓******。,"杭州,上城区",区金融办将一如既往地密切关注、跟踪中网国投的清盘行为，保障出借人与平台畅通的******。鉴于中网国投的清盘属于民事行为，不存在政府认可或者支持的说法，出借人就相关诉求可提交金融办，金融办将及时予以转达，积极从中斡旋协调，并支持合理诉求。同时我办希望出借人理性维权，依法保护自身合法权益。,2019/01/09,2019/01/09,杭州市上城区人民政府金融工作办公室,浙江省政务服务网,http://www.zjzxts.gov.cn/wsdt/wsdtHtml/xfjxq.jsp?id=57583230313930303130363037393337
反应了好几次了，政府倒是为我们百姓做回主，我们这些钱可都是家底，全家上下好几口人等着吃******非得把我们这些手无寸铁的老百姓逼******路 政府才会管一管,"杭州,上城区",惠财平台已出险，******金融办、******办牵头，惠财平台方、担保方锦子集团以及出借人债委会代表已多次对兑付方案进行沟通。1、若信访人对兑付方案有意见请提交给债委会，由债委会代表收集多数人意见并代表出借人向各方进一步沟通表达诉求，金融办会继续协调。2、若信访人个人对方案不满，也不愿通过债委会表达诉求的，建议以个人名义进行司法维权或向有关部门报案。3、信访人存在生活困难的，建议向当地民政部门申请救济。,2019/01/09,2019/01/09,杭州市上城区人民政府金融工作办公室,浙江省统一政务咨询投诉举报平台(网上大厅),http://www.zjzxts.gov.cn/wsdt/wsdtHtml/xfjxq.jsp?id=57583230313930303130363338343333
杭州包之金金融信息服务有限公司，马上过年了欠我两万块钱不还，日子难过来次来此寻求帮助。,"杭州,上城区",包之金融目前每月20日左右公布当月兑付比例，24日左右进行兑付，需投资人自行登录APP进行提现。请关注。,2019/01/09,2019/01/09,杭州市上城区人民政府金融工作办公室,手机APP,http://www.zjzxts.gov.cn/wsdt/wsdtHtml/xfjxq.jsp?id=57583230313930303130393737343034
"    本人，首次在网上关注p2p理财公司，因为杭州为金融新城，特关注杭州的理财公司。在2018年5月注册首投，谁知到七月份就开始不能提现到银行卡里，到期的只给我十分之一的本息金额，其它的作为展期三月。如今都已到期不能提现。
    尽管在九月份上海睿银银监会进入至今未能给予九月之前提现金额全部到账，更没有对展期三月后的资金给予合理的对付方案。
    经出借委员会代表与惠财公司和借款方太子龙公司领导多次探讨沟通，太子龙为我们出借人资金走向的源头，资金达3亿。
    希望政府为我们广大出借人做主，在法治社会绝不能出现故意损害广大人民财产的行为。
                                   出借人 :   ***    联系电话:180****1583
                                                        时间  20*****7","杭州,上城区",惠财平台已出险，******金融办、******办牵头，惠财平台方、担保方锦子集团以及出借人债委会代表已多次对兑付方案进行沟通。1、若信访人对兑付方案有意见请提交给债委会，由债委会代表收集多数人意见并代表出借人向各方进一步沟通表达诉求，金融办会继续协调。2、若信访人个人对方案不满，也不愿通过债委会表达诉求的，建议以个人名义进行司法维权或向有关部门报案。,2019/01/09,2019/01/09,杭州市上城区人民政府金融工作办公室,浙江省统一政务咨询投诉举报平台(网上大厅),http://www.zjzxts.gov.cn/wsdt/wsdtHtml/xfjxq.jsp?id=57583230313930303130363231363436
"信件编号：	LD20180****21160
再次反映:在人工售票前增加地铁二字很难吗？你们的工作真的做到位了吗？请杭州地铁领导实地看一看，有多少人误以为此处为火车票售票点！！！
另外，该处人工售票一会儿有人卖票，一会儿没有，有没有一个固定的时间，如果有请在牌子上写清楚，如果没有固定服务时间，结束后将人工售票牌子撤出，不要再误导人！","杭州,上城区",非常感谢您对杭州地铁的关注。高铁与地铁是两种截然不同的交通工具，且杭州东高铁站位于地铁火车东站正上方，高铁与地铁售票点并不在同一层，故我司未在处于地铁站内的地铁人工票亭前刻意增加地铁字样，请您能够理解。为了更好的服务乘客，我们已记录您的建议并反馈至相关部门作为参考，如对地铁有其他任何建议或者意见，欢迎直接拨打地铁服务热线26*****1，我们将竭诚为您服务。,2019/01/10,2019/01/07,杭州市地铁集团有限责任公司,浙江省统一政务咨询投诉举报平台(网上大厅),http://www.zjzxts.gov.cn/wsdt/wsdtHtml/xfjxq.jsp?id=4c443230313930303032343137393136
